full_name,phone,email,id_proof,nationality
Gary Ryan,9324114808,sherylwhite@little.info,ID001000,UK
Tammy Carlson,7181113480,donna71@koch.com,ID001001,Brazil
Brandon Francis,4060014627,nhenderson@garcia-carroll.info,ID001002,Brazil
Christopher Harris,3190997639,karen26@joseph-oconnell.com,ID001003,UK
Thomas Ruiz,5691843642,petersonbrandon@thompson-love.info,ID001004,South Africa
Roger Santos,7657750549,oshepard@chandler.com,ID001005,South Africa
Terry Johnson,5681462621,fsmith@hotmail.com,ID001006,Brazil
Lauren Parker,0105952927,christophertucker@gmail.com,ID001007,South Africa
Jerry Clark,9257799226,bdoyle@yahoo.com,ID001008,Canada
Blake Webster,7858469595,natasha94@velasquez.com,ID001009,Japan
Robert Anderson,7756726935,adkinsmelissa@gmail.com,ID001010,Germany
Christopher Cunningham,0306532954,acruz@yahoo.com,ID001011,France
Jacqueline Fowler,3690506657,sodom@yahoo.com,ID001012,Germany
Brian Shaw,7385021386,beckywilliams@brown-greene.net,ID001013,Germany
Christopher Wright,6802538842,smithamy@anderson.com,ID001014,South Africa
Jonathan Lee,6410790690,morganjohnson@jones.info,ID001015,Canada
Jacqueline Coleman,5071144765,spalmer@joseph.com,ID001016,France
Matthew Gonzalez,6937738267,barkeranthony@hatfield-goodman.info,ID001017,South Africa
Garrett Davis,9036528600,tylermejia@hotmail.com,ID001018,Germany
Alan Cole,6675190462,kimcain@roy.info,ID001019,USA
Derrick Gill,9269835349,garrettkelly@shelton-smith.com,ID001020,India
Thomas Hernandez,1506723784,stewartlisa@wood.biz,ID001021,USA
Lucas Preston,2687018892,dcoleman@yahoo.com,ID001022,UK
Jean Kelley,0076008570,patelchelsey@green.biz,ID001023,UK
Michael Carter,5545240604,stacymoore@johnson.com,ID001024,India
Deanna Hall,8775338475,imyers@gmail.com,ID001025,Japan
Amanda Thompson,2146410954,stacythompson@king.com,ID001026,Japan
Anna Miller,8343644919,pthomas@myers.net,ID001027,South Africa
Jennifer Griffith,4253353699,craig28@gmail.com,ID001028,USA
Lonnie Brown,9011255776,scottrobert@yahoo.com,ID001029,India
James Taylor Jr.,8491309453,rhondafischer@davis-brown.org,ID001030,Canada
Sherry Roberts,1185897301,angelabutler@yahoo.com,ID001031,Brazil
Karen Hawkins,4598858624,jonathonedwards@hotmail.com,ID001032,India
Jessica Barker,0166877619,donnamills@hotmail.com,ID001033,Germany
Martha Lopez,7221787535,madison87@hotmail.com,ID001034,Australia
Leslie Owens,3681280909,acabrera@huber-blankenship.biz,ID001035,Japan
Tracy Murray,4214573155,wlewis@brown-davis.com,ID001036,Canada
Juan Jennings,2730819906,wellsrenee@gmail.com,ID001037,Germany
Deborah Scott,3229220671,rgeorge@hotmail.com,ID001038,USA
Wanda Lopez,7267306902,williamallen@hotmail.com,ID001039,Germany
Laura Hoffman,3770212636,ihebert@hotmail.com,ID001040,Brazil
Ronald Craig,9944030994,qmiller@yahoo.com,ID001041,South Africa
Maria Henry,8492702037,ashleycarter@hotmail.com,ID001042,USA
Renee Thompson,3921700598,shelly76@gmail.com,ID001043,Brazil
Jessica Maxwell,7562387366,amanda10@gmail.com,ID001044,Germany
Crystal Ochoa,6419666518,lmaldonado@hotmail.com,ID001045,USA
Shelley Tapia,5149771844,xcain@riley.com,ID001046,France
Elizabeth Rowland,2924310847,torresroger@yahoo.com,ID001047,Australia
Mr. William Brown,1710920573,gillespieheather@gmail.com,ID001048,Germany
Craig Anderson,1511258590,heidi70@yahoo.com,ID001049,Germany
Daniel Porter,2386141005,morsemary@gmail.com,ID001050,France
Jennifer Carroll,5443716414,davidanthony@wilkinson.biz,ID001051,UK
Tanya Davies,3406751641,breanna64@anderson.com,ID001052,Canada
Jeffrey Jones,1369385148,howardtina@hotmail.com,ID001053,Brazil
Gina Fletcher,4502349760,smithmary@gmail.com,ID001054,Germany
Robert Jackson,5815943676,davisthomas@bowen.org,ID001055,USA
Ricky Davis,1218220174,jennifergonzalez@gmail.com,ID001056,India
Stephanie Reid,9384548777,gibbstina@hotmail.com,ID001057,South Africa
Rhonda Sheppard,7279775568,kschneider@sandoval-harrington.com,ID001058,South Africa
Elizabeth Henry,1703471497,alexanderjeffrey@moore.org,ID001059,USA
Timothy Vargas,9217719422,tmartinez@jackson-andrews.com,ID001060,South Africa
Dennis Haley,8167478268,christopherduncan@gmail.com,ID001061,India
Wendy Brown,3156916230,deanhernandez@small.org,ID001062,Canada
Anthony Jordan,9883767776,isaac36@lopez.org,ID001063,South Africa
Margaret Martin,2422878048,joshuamoses@nicholson.org,ID001064,Brazil
Sarah Glass,6372718717,jason46@parsons.com,ID001065,France
Sarah Lewis,2970705427,perezpriscilla@gmail.com,ID001066,Japan
Brenda Davis,4537337341,jonesjeffrey@thompson.com,ID001067,India
Kevin Goodwin,5371215151,mmunoz@hotmail.com,ID001068,Canada
Tyler Lane,5371157698,xmacdonald@mccarthy.com,ID001069,USA
Andrew Villanueva,3506819184,jackmartin@smith.com,ID001070,Japan
Willie Hayes,0163979429,edwardsdustin@bennett.com,ID001071,Japan
Gina Fuller,3723306911,kalexander@gmail.com,ID001072,France
Jamie Gamble,3212830991,ybowman@gmail.com,ID001073,Japan
Mrs. Stephanie Dixon,6099374673,deborahmichael@taylor.org,ID001074,South Africa
Rodney Cortez,7591420252,ymoore@potts.biz,ID001075,Germany
Michael Butler,2228151923,alecbolton@cox.org,ID001076,India
Lisa Hill,7269268965,oschaefer@nash.org,ID001077,Australia
Sarah Haynes,7205009414,ejohnson@gmail.com,ID001078,UK
Matthew Scott,5080194252,michaeljoyce@briggs.net,ID001079,India
Steve Bell,6502297915,christopherdavis@yahoo.com,ID001080,USA
Christopher Nolan,1238063731,carol34@hotmail.com,ID001081,Canada
Stacy Moss,9418449547,pattonpatrick@hotmail.com,ID001082,UK
Matthew Doyle,4625674438,owatson@hotmail.com,ID001083,Japan
Steven Tyler,2665506997,gmartinez@nolan.com,ID001084,South Africa
Vicki Garza,8957870365,kmack@gmail.com,ID001085,France
Samantha Green,6678376676,sabrinadunlap@gmail.com,ID001086,India
Curtis Mays,3767466538,douglasrose@gmail.com,ID001087,Australia
Samantha Jones,3269032008,michael04@rojas-allen.biz,ID001088,Japan
Brandon Anderson,3024937346,marvinhill@gmail.com,ID001089,India
Ryan Smith,7761401084,madisongonzalez@goodman-lewis.com,ID001090,Canada
Sherry Weber DVM,0278071715,susanhughes@lindsey.biz,ID001091,India
Brandi Hoffman,2786543238,michaelthomas@thompson-hernandez.com,ID001092,France
Valerie Davis,3232076897,lauren86@kelley-johnson.com,ID001093,France
Ashley Keller,6890075507,nfreeman@hotmail.com,ID001094,Japan
Michael Reed,2138903965,wwhitaker@olsen-lee.com,ID001095,India
Alexis Lewis,4308087979,derrick74@mullins.info,ID001096,UK
Natalie Williams,8566289952,jeremy70@hotmail.com,ID001097,Brazil
Cheryl Logan,9938722231,daniel66@hotmail.com,ID001098,Japan
Alexander Frank,6466219270,amywilliams@gmail.com,ID001099,Japan
Monica Hughes,0157639755,brianmoses@parker-howe.com,ID001100,USA
Alyssa Bishop,1656919177,david45@hotmail.com,ID001101,France
Eric Jenkins,9708293993,bmercer@campbell.net,ID001102,Germany
Alexis Finley,7226354307,lesliegentry@gmail.com,ID001103,India
Scott Harris,8998656189,dgarza@gmail.com,ID001104,Japan
Ronald Sutton,6327401587,cooleykim@hotmail.com,ID001105,USA
Dustin Figueroa,0991944572,sergiohenderson@hotmail.com,ID001106,Japan
Julie Robertson,9172132389,zstafford@gmail.com,ID001107,Canada
Andrew Duffy,1066835517,derek16@berg.com,ID001108,Japan
Matthew Fuller,0587709387,ashley69@gmail.com,ID001109,France
Tiffany Webster,3914684295,owenslaurie@hotmail.com,ID001110,South Africa
Patrick Duran,9556120279,umccullough@yahoo.com,ID001111,Japan
Christie White,9023195431,hernandezmary@compton-cobb.com,ID001112,France
Steven Campbell,0427177471,tim21@davis-flores.org,ID001113,India
Adrienne Briggs,2350623529,michelle79@hotmail.com,ID001114,Australia
Dustin Holland,1670972476,nashrichard@bird.com,ID001115,India
Jeff Evans,3682663778,nicholas63@jones.info,ID001116,Germany
Melissa Cook,7925322411,dorseychristina@yahoo.com,ID001117,Brazil
Robert Hensley,6289647736,chubbard@horn-chambers.biz,ID001118,USA
Brendan Haley,4616499275,ghardy@allen-williams.com,ID001119,Australia
Kristin Nelson,6785997605,mitchellpeggy@blanchard-scott.biz,ID001120,India
Lisa Hunt,5322125050,fnguyen@jordan-rodriguez.com,ID001121,France
Matthew Rich,4831570875,cynthia25@yahoo.com,ID001122,France
Marc Dyer,5874500446,zbrooks@ross.com,ID001123,France
Lori Hall,1324887639,michaelbaker@yahoo.com,ID001124,France
Keith Hill MD,1925418889,pcook@yahoo.com,ID001125,Japan
Andre Mcmillan,0916237644,stanleyowens@yahoo.com,ID001126,USA
Keith Munoz,3140616457,zturner@yahoo.com,ID001127,France
Dylan Grant,8095774409,renee27@jackson-diaz.net,ID001128,USA
Randy Patterson,2231061365,elliskatrina@hotmail.com,ID001129,India
Isaac Romero,9347474196,johnsonbrandon@hotmail.com,ID001130,Australia
Sarah Murray,7504383345,christinabarker@long.com,ID001131,South Africa
Tyler Hale,4084833142,garciamary@white-nelson.org,ID001132,Japan
Megan Branch,6589407010,flemingkatrina@gmail.com,ID001133,South Africa
Robert Green,8083162840,foxamanda@mack.com,ID001134,UK
Denise Howard,2802476150,wardsheri@yahoo.com,ID001135,USA
Darren Castillo,8372525431,wfrederick@johnson.com,ID001136,Australia
Miranda Williams,2592326856,fryrobert@gray.com,ID001137,South Africa
Jasmin Singh,6174220292,wmckinney@hotmail.com,ID001138,UK
Gabriel Horn,8655258707,fullertammy@yahoo.com,ID001139,India
Alexis Martinez,4991575958,sharonfuentes@yahoo.com,ID001140,France
Ray Wade,5970041211,fford@gentry.info,ID001141,India
Cindy Taylor,8311879646,qmoore@lewis-carpenter.biz,ID001142,Japan
Diane Walker,7838968688,hcolon@fuller.com,ID001143,Japan
Laura Price,6655293875,ann95@yahoo.com,ID001144,Germany
Lisa White,5235200851,tyronesmith@lawrence.com,ID001145,USA
Christine Smith,3845908150,castilloamy@hotmail.com,ID001146,India
Linda Castillo,8906752158,lawrencesummer@johnson.biz,ID001147,Canada
Kelly Boyd,8205829608,marissasilva@hotmail.com,ID001148,South Africa
Travis Cooper,6262037007,williammontgomery@yahoo.com,ID001149,USA
Bonnie Jones,1982899076,michelleshepherd@wallace.com,ID001150,India
Daniel Dennis,9964937692,uhall@hotmail.com,ID001151,Canada
Ryan Murphy,5297730892,david58@yahoo.com,ID001152,Canada
Natalie Stewart,7571350472,amy12@neal-parker.info,ID001153,UK
Angela Mcconnell,9286606381,paulespinoza@yahoo.com,ID001154,UK
Deborah Harris,1197591726,cthompson@mays.com,ID001155,India
Misty Hicks,9190083081,desireemccarty@yahoo.com,ID001156,France
William Pace,9650216756,amills@levine.com,ID001157,Brazil
Teresa Chase,4416614806,david20@hotmail.com,ID001158,Canada
Keith Chavez,0180459371,ashley53@yahoo.com,ID001159,South Africa
Denise Mendoza,8339074594,seanweaver@washington-owens.com,ID001160,Japan
Michael Adams,9900273544,bairdsteven@yahoo.com,ID001161,Japan
Karen Cooper,0630528112,roberthampton@mills.com,ID001162,Germany
William Robinson,3233765153,hamptonbilly@young-lane.info,ID001163,South Africa
Caitlin Rodriguez,6372232139,georgegregory@hernandez.com,ID001164,Japan
Andrew Miller,6903674928,vyoung@riddle.com,ID001165,Canada
Amanda Dorsey,4447202429,christine75@thompson-williams.com,ID001166,India
Christopher Parker,1409638037,james10@gmail.com,ID001167,Germany
Sarah Morrow,7013275698,greenesherri@riley-cain.info,ID001168,Germany
Holly Hahn,6480124457,wolfebrenda@hotmail.com,ID001169,France
Michelle Greene,2709995753,joshua36@frank.com,ID001170,Japan
Jacqueline Bryant,4593895843,debrawilliams@carter.com,ID001171,Brazil
Sharon Morris,1038704928,kellygarcia@johnson-kim.com,ID001172,Australia
Amy Wolfe DDS,5447764121,rebecca49@harrison-sullivan.com,ID001173,Brazil
Anita Davis,5244862187,saracruz@yahoo.com,ID001174,Canada
Jennifer Smith,4699527151,timothy99@yahoo.com,ID001175,UK
Deborah Brown,3098135111,uwhitaker@ewing-barron.org,ID001176,South Africa
Wayne Barton,3445693619,molly54@suarez.com,ID001177,Germany
Blake Nelson,7611288202,karen60@gmail.com,ID001178,UK
Daisy Smith,4649245760,michael80@hotmail.com,ID001179,Japan
Deborah Chang,8797388526,tonystewart@sanchez-roy.com,ID001180,Canada
Christina Ortiz,5155389760,johnny42@yahoo.com,ID001181,UK
Terri Wiggins,3482763351,iatkinson@yahoo.com,ID001182,Brazil
Erika Gentry,7518125038,mkelly@yahoo.com,ID001183,South Africa
Mary Brown,2680113409,harrisshannon@kennedy-clay.com,ID001184,Germany
Alexander Wang,2212602082,ericmueller@clark.com,ID001185,UK
Michael Mcmahon,6036774120,barnesian@roman.biz,ID001186,South Africa
Douglas Jimenez,6925114143,brandon32@mendoza.net,ID001187,UK
David Williams,8242897879,adambarnes@ellis.com,ID001188,UK
Timothy Ford,2386537904,mitchellmary@chang.biz,ID001189,Canada
Kyle Pacheco,9391895868,xlynch@hotmail.com,ID001190,USA
Sean Barron,3780400652,william87@jefferson.net,ID001191,Japan
Tina Simmons,5961234741,cward@hotmail.com,ID001192,Brazil
Denise Thomas,0600540641,donaldluna@gmail.com,ID001193,Japan
Jared Dorsey,8545494142,swilliams@hood-miller.org,ID001194,UK
Julie Hicks,3697415014,molinatimothy@mckenzie.com,ID001195,India
Cynthia Golden,6035592603,leslie15@gmail.com,ID001196,Japan
John Lee,6921298972,newmanmichelle@hotmail.com,ID001197,Brazil
Benjamin Ward,0578507078,derek78@mccullough.com,ID001198,USA
Michael Bentley,7610398435,smithstanley@burnett-jones.com,ID001199,USA
Anna Choi,3444377977,cpugh@yahoo.com,ID001200,Japan
Brandon Frazier,0535420038,phillipsamy@hotmail.com,ID001201,South Africa
Ashley Whitaker,2735743703,denniscarter@neal-cross.biz,ID001202,UK
Christian Davidson,9962967990,gibsonsamuel@hotmail.com,ID001203,Japan
Dr. Leah Bell,2750347423,holly46@pitts.com,ID001204,South Africa
James Jones,6216466140,arnoldlori@martin.com,ID001205,Germany
Isaac Ross,1210381499,dominicolson@boyd.net,ID001206,Germany
Lynn Burns,9452340671,pughkaren@yahoo.com,ID001207,UK
Alisha Nelson,3551615263,trujilloanthony@oneal-joyce.info,ID001208,South Africa
Rachel Snyder,5934571408,randyobrien@shelton.com,ID001209,UK
Grace Harris,0973307834,nicholashunt@hotmail.com,ID001210,India
Brian Hensley,7919210657,moorekathleen@gmail.com,ID001211,Germany
Tammy Mendoza,3357734527,trichards@dyer-castillo.com,ID001212,UK
Deborah Yoder,5529076966,hpeterson@coleman.com,ID001213,Australia
Angela Hall,2792714644,jamesbradford@hotmail.com,ID001214,Canada
Jessica Franklin,2226195910,lunayvonne@gmail.com,ID001215,USA
Colin Barton,4517916847,bennettcarrie@bradford.com,ID001216,France
Luke Ward,4529064004,mathisshaun@dyer.com,ID001217,UK
Yvonne Smith,0794255270,justin92@sexton.info,ID001218,USA
Robert Scott,1127475417,gabriela85@gmail.com,ID001219,Brazil
Harold Clayton,2923166788,tracywalker@hotmail.com,ID001220,UK
Rachel Montgomery,8105025389,lori59@gmail.com,ID001221,Brazil
Stephanie Ewing,2519261520,briangreen@harris.org,ID001222,Germany
Jessica Espinoza,0947712138,guerrerojustin@hotmail.com,ID001223,Germany
Amanda Pineda,9202292436,oschultz@lee-russell.com,ID001224,Canada
Thomas Nelson,6925129871,robinzavala@bradley-hayes.biz,ID001225,Brazil
Megan Walker,9147440073,riverajohn@hotmail.com,ID001226,UK
Laura Ingram,3415820200,sanchezcathy@gmail.com,ID001227,Germany
Briana Kent,6055181740,lauren79@yahoo.com,ID001228,UK
Jason Griffin,0530399789,michaelhowell@smith-stewart.com,ID001229,India
Emma Terrell,5199334144,andreaclark@owens.net,ID001230,UK
Heather Byrd,3341488670,timothyblanchard@orozco.com,ID001231,Germany
Marcia Brown,1604419527,ucruz@hernandez-morgan.com,ID001232,Australia
Regina Wright,4132170426,david39@fernandez.info,ID001233,Brazil
Brandon Dorsey,6999276332,ryan62@gmail.com,ID001234,Japan
Bradley Church,2339590424,rogersolivia@hotmail.com,ID001235,France
George Farrell,8363952354,kkeith@gmail.com,ID001236,India
Edward Reed,1674329791,taylorann@gmail.com,ID001237,Canada
Ashley Nguyen,9804960658,dennistimothy@hotmail.com,ID001238,South Africa
Sierra Wright,5643786175,garnerchad@brown.com,ID001239,UK
Anthony Hampton,3568952880,owilliams@gmail.com,ID001240,Canada
Adam Todd,9392801332,nicole28@hotmail.com,ID001241,France
Joseph Boyd,9375433416,loriweaver@yahoo.com,ID001242,Australia
Melanie Gonzalez,2333519042,salazarlaura@gmail.com,ID001243,France
Luke Vang,6608878040,sarah91@davis.net,ID001244,Canada
Stacey Mcclain,8533173718,christine74@hotmail.com,ID001245,Brazil
Brendan Lamb,5716661443,morganlisa@baker.com,ID001246,India
Robert Green,6371908880,richardsjoel@mccullough.com,ID001247,Canada
Thomas Anderson,4615463949,mary73@yahoo.com,ID001248,Canada
Karla Davis,6349146560,cmaxwell@yahoo.com,ID001249,India
Jamie Zimmerman,8222878689,kyle37@gmail.com,ID001250,Australia
Carol Johnson,4239990955,johnjohnson@hotmail.com,ID001251,Japan
Carlos Cortez,6086759013,jessicathomas@yahoo.com,ID001252,France
Jacob Myers,6344407001,watsonstephen@gmail.com,ID001253,France
Krystal Rodriguez MD,4623267571,jacqueline76@thomas.net,ID001254,South Africa
Todd Robles,3528022998,antoniowilson@trujillo.com,ID001255,France
Christopher White,1895608010,alexanderdavis@crosby-miller.com,ID001256,India
Brandon Wyatt,2875109786,tcastillo@hotmail.com,ID001257,Australia
Richard Lucas,7978959898,higginsalyssa@yahoo.com,ID001258,India
Travis Brown,3613257638,bryantashley@sanchez.com,ID001259,Canada
Tonya Cruz,2503777784,thomasbrowning@yahoo.com,ID001260,Brazil
Mark Carrillo DVM,5675199319,salinasjennifer@gonzalez.org,ID001261,France
Kaitlyn Martinez,4223333733,kreyes@yahoo.com,ID001262,Canada
Kelly Taylor,8594002365,fbradford@hotmail.com,ID001263,France
Susan Cortez,9415630024,cookmichael@white.net,ID001264,France
Jesse Oliver,4123790027,zmitchell@hotmail.com,ID001265,Japan
Connor Khan,2010178653,laurie29@hotmail.com,ID001266,Germany
Cynthia Johnson,9784682174,theresa46@gmail.com,ID001267,Brazil
Sheila Taylor,9753707141,michaelbeck@gmail.com,ID001268,Australia
Alex Nelson,3765461779,jcosta@hotmail.com,ID001269,South Africa
Heather Scott,5406237235,carl24@hotmail.com,ID001270,Canada
Lindsay Clark,7195761600,traceyrichardson@hotmail.com,ID001271,Brazil
Nathan Sandoval,2806984125,matthew77@yahoo.com,ID001272,Australia
Christian Taylor,2332922468,uchandler@yahoo.com,ID001273,USA
Elizabeth Lee,1327233262,sgraves@acosta-mitchell.com,ID001274,Brazil
Heidi Pennington,1904749099,robertcarter@richards.com,ID001275,Canada
William Roberts,1388423261,jessicarose@hotmail.com,ID001276,France
Mark Li,3909089378,ashlee90@wade.com,ID001277,France
Amber Simpson,6161126382,msmith@white-short.com,ID001278,Canada
Andrew Gardner,8471011090,nataliegoodman@hotmail.com,ID001279,Canada
Leslie Powers,8842420502,xbernard@roberts-adams.com,ID001280,UK
Zachary Rose,0925280910,crosbymarcus@yahoo.com,ID001281,France
Jennifer Martinez,1577190685,frank83@yahoo.com,ID001282,Japan
Jesus Rocha,5398703831,dlin@hotmail.com,ID001283,UK
Daniel Maxwell,1995360106,kristopher59@yahoo.com,ID001284,Canada
Anna Brown,0021907154,tiffanytucker@becker-robles.info,ID001285,India
Joseph Stephens,5884174609,sabrina73@patel.com,ID001286,Japan
Michael Wilson,1407553256,jenniferhunter@hotmail.com,ID001287,Japan
Jennifer Smith,1881739897,mrush@hotmail.com,ID001288,India
Dale Newman,9303734853,stephaniehawkins@glover-anderson.net,ID001289,UK
Amy Mcmillan,4466080927,james17@morgan-newman.org,ID001290,India
Katrina Yang,0053132099,brent67@collins.com,ID001291,Canada
Rebecca Wilson,5871429079,brandon59@taylor.com,ID001292,Japan
Daniel Walker,2494510837,marissa32@frederick.com,ID001293,Japan
James Stanley,5815367177,jennifer39@gmail.com,ID001294,Australia
Oscar Gardner,9446227909,susan25@gmail.com,ID001295,UK
Christopher Shields,4299076868,stanleytravis@yahoo.com,ID001296,Australia
Jessica Moreno,5110951491,rhodesperry@hotmail.com,ID001297,Canada
Kyle Gomez,4925381287,collinskenneth@gomez-stewart.com,ID001298,India
Todd Harris,5611340819,sawyermichael@gmail.com,ID001299,India
Vincent Bailey,7630897439,ghess@hotmail.com,ID001300,Australia
Rebecca Hill,1297527799,elang@swanson.org,ID001301,Japan
Michelle Lawrence,7958707765,brittneyhunter@guerra-robinson.info,ID001302,UK
James Smith,0236625245,justin15@gmail.com,ID001303,Japan
Robert Sparks,0744787006,johnsonmaria@yahoo.com,ID001304,Germany
Stephanie Green,3134914308,nguyenkyle@patterson.com,ID001305,Australia
Damon Shaffer,4061013637,martinezfrancis@gmail.com,ID001306,Japan
Elizabeth Williams,4247448901,hcarter@hughes-spears.com,ID001307,UK
Dana Brewer,0021388304,marythomas@williams.com,ID001308,UK
Thomas Guerra,7166271145,vpearson@gmail.com,ID001309,USA
Jennifer Hurley,2085426943,jonathanromero@gmail.com,ID001310,India
Vincent Martin,6467185084,ulane@hotmail.com,ID001311,UK
Lisa Galloway,6190312448,zherrera@quinn.com,ID001312,France
Mr. Michael Hodge,8118303246,jchavez@farmer-reyes.net,ID001313,Germany
Christopher Mcgee,9404350878,kyleharrison@hotmail.com,ID001314,Australia
Zachary Johns,6116030999,rsmith@gmail.com,ID001315,USA
Joseph Beck,8607832375,juliegonzalez@mosley-hernandez.org,ID001316,Japan
David Kelley,5674844587,kmcmillan@yahoo.com,ID001317,Japan
Angela Morgan,9297715446,daniel81@wilson-franklin.com,ID001318,Australia
Yvonne Lopez,7493136204,jeremy88@gmail.com,ID001319,France
Laura Young,5190305492,ramirezricky@hotmail.com,ID001320,Japan
Gina Velazquez,4152009789,elizabethgray@hotmail.com,ID001321,USA
Kevin Chavez,2300070974,leedavid@thompson.com,ID001322,USA
Jonathan Anderson,7651765559,glara@jones.com,ID001323,Germany
Paul Hall,9328076456,spencerholly@hotmail.com,ID001324,USA
Paul Woods,8278077562,qwilson@allen.com,ID001325,India
Isaac Wright,7662011370,thomashinton@turner-johnson.info,ID001326,Japan
Amanda Schroeder,5317290469,allenmary@yahoo.com,ID001327,UK
David Nichols,2356218092,bmoreno@hotmail.com,ID001328,USA
Riley Ross,3369523572,bfinley@gmail.com,ID001329,Japan
Brittney Romero,7615831215,smendoza@wolf-smith.info,ID001330,Brazil
Jennifer Williams,3050224796,bsutton@jackson.info,ID001331,India
Mary Olson,7218761221,pthornton@gmail.com,ID001332,Japan
Norma Olsen,1260857771,pateltiffany@gmail.com,ID001333,South Africa
Morgan Thompson,7384964389,nguyenmark@parrish.com,ID001334,Germany
Sandra Ayala,8774552377,mitchelldaniel@gmail.com,ID001335,India
Daniel Thompson,9018176387,michaelmcbride@cunningham-jackson.com,ID001336,India
John Martinez,2940021107,clarkkayla@hotmail.com,ID001337,France
Alex Ramirez,2717791622,brittanyrobertson@yahoo.com,ID001338,Canada
Nicole Washington,0644622492,grant76@griffin.com,ID001339,Japan
Jeffery Campbell,9196903754,zmeyer@lee-williamson.org,ID001340,India
Crystal Hernandez,2786756770,rose41@hotmail.com,ID001341,UK
Justin Garcia II,6637908050,rdaniels@gmail.com,ID001342,Australia
Amanda Flowers MD,3941707139,bergermark@chandler.com,ID001343,UK
Nicholas Dean,5411133579,elizabethwoods@martin.biz,ID001344,UK
Brian Adams,4708432308,joshuamoss@yahoo.com,ID001345,South Africa
Stephen Edwards,5994258996,mfrank@yahoo.com,ID001346,Japan
Jennifer Gaines,3267981908,josephmooney@yahoo.com,ID001347,India
Brian Reid,3027862683,kenneth72@roberts.info,ID001348,Australia
Melissa Chavez,4397433190,youngmichelle@murphy.biz,ID001349,Canada
Seth Smith,1155327389,robertmccarthy@gmail.com,ID001350,Brazil
Alejandro Hill,4926512873,stevenschristian@yahoo.com,ID001351,Brazil
Cassandra Johnson DVM,2254519326,jamie35@gmail.com,ID001352,UK
Robert Horne Jr.,2015904925,edward21@gmail.com,ID001353,Canada
Linda Figueroa,7887853007,djohnson@gmail.com,ID001354,France
Kylie Johns,1690981613,adamsjoseph@friedman.net,ID001355,Australia
Joseph Conley,8635734724,canthony@gmail.com,ID001356,Australia
Ana Munoz,8226832935,antonio48@yahoo.com,ID001357,Australia
Karen Schwartz,0373414531,qrivers@larson.net,ID001358,South Africa
Brandon Garcia,4469178477,garciasonya@yahoo.com,ID001359,Australia
Jacob Hutchinson,4870975773,phillip09@avila.info,ID001360,France
Stanley Ferguson,8658336319,ttucker@gmail.com,ID001361,France
Rita Shepherd,5833403000,ryanjohnson@simmons.info,ID001362,UK
Michael Collins,2623781168,ygarcia@hotmail.com,ID001363,Japan
William Cain,5648619562,kellysmith@gray.org,ID001364,USA
Amy Hurst,5775816020,ghughes@everett-anderson.com,ID001365,UK
Samantha Rosales,5704059274,laurajacobs@yahoo.com,ID001366,UK
Cheryl Pena,7314770694,zbishop@johnson-berg.biz,ID001367,South Africa
John Blair,4937211307,todd63@robinson.info,ID001368,Australia
Rebecca Torres,2690613481,daniel79@lambert-jackson.info,ID001369,Brazil
Ethan Bryan,5355204185,andersonchristopher@miller.org,ID001370,India
Jeffrey Mack,2569461358,christopher82@hotmail.com,ID001371,India
Kimberly Burke,4208277489,torresmichael@hotmail.com,ID001372,India
Kevin Riddle,7746473166,wiseashley@gmail.com,ID001373,South Africa
Taylor Everett,8366433961,judy41@yahoo.com,ID001374,UK
James Dean,1774085776,josephhudson@yahoo.com,ID001375,USA
Ashley Ramirez,2799523367,ykelley@yahoo.com,ID001376,USA
Zachary Ramos,8163783604,hansongeoffrey@hotmail.com,ID001377,India
Anthony Welch,5854578471,jturner@yahoo.com,ID001378,South Africa
David Nunez,3484363946,mendozalauren@yahoo.com,ID001379,France
Matthew Hart,6380090432,angelica42@gmail.com,ID001380,Germany
Jeffrey Hubbard MD,5275677815,andrew19@brandt.com,ID001381,Japan
Alexandria Hawkins,5832609812,reginagonzalez@hotmail.com,ID001382,Japan
Joseph Ward,0888382318,william25@anderson.com,ID001383,Canada
Jill Aguirre,5480628590,gwalker@yahoo.com,ID001384,Brazil
Kevin Bennett,0488038933,michaelgalloway@johnson.com,ID001385,Brazil
Michelle Rogers MD,7696158321,castrojessica@gmail.com,ID001386,Japan
Ronald Glover,6232670515,bonnie91@hotmail.com,ID001387,Canada
Brittany Pearson,9423154430,jkline@davis.info,ID001388,France
Jonathan Deleon,8025684612,bakerjacob@friedman-murray.com,ID001389,Canada
Alicia Chambers,1851933653,whiteheadbryan@gmail.com,ID001390,Japan
Thomas Brown,9585811624,christopherwhite@hotmail.com,ID001391,Canada
Kevin Mcdaniel,4700983157,kelly66@yahoo.com,ID001392,South Africa
David Silva,4368218382,tsmith@oconnell-garner.com,ID001393,India
Joseph Pacheco,9014055589,ryan43@gmail.com,ID001394,South Africa
Mrs. Andrea Pearson MD,8493749522,melvin23@hotmail.com,ID001395,USA
Kara Holden,5311005848,kevingraham@jackson-bowman.com,ID001396,Canada
Rebecca Serrano,1853717216,carolynshaw@lane.com,ID001397,India
Natasha Wright,5624712305,uroberts@hotmail.com,ID001398,Australia
Rebekah Pierce,7673029316,shannonmiles@solis.com,ID001399,Germany
Donald Elliott,4704120573,xpatrick@edwards.com,ID001400,Germany
Carolyn Raymond,0809363964,danielclark@hotmail.com,ID001401,France
Megan Roberts,6497027528,carolmeadows@gmail.com,ID001402,Germany
Tara Garcia,7704379361,charles06@giles.com,ID001403,USA
Jason Garrison,8769098051,jamespatton@yahoo.com,ID001404,France
Tracy Leon,2329534328,stewartmonica@gmail.com,ID001405,Canada
Barbara Clark,1002105749,rhondaschneider@yahoo.com,ID001406,France
Stacy Terry,5991903837,morrischristine@moss.com,ID001407,UK
Mary Kidd,9547159997,joneswilliam@hotmail.com,ID001408,South Africa
Brenda Parsons,9268264451,brian18@harris.biz,ID001409,South Africa
Elizabeth Banks,1633735752,iwatson@sanchez-moody.com,ID001410,USA
Robert Hess,7686544642,raymondwagner@yahoo.com,ID001411,Canada
Melinda Cook,8458631079,maldonadoscott@gmail.com,ID001412,USA
David Hale,6500905143,david25@palmer.com,ID001413,South Africa
Dale Koch,4952070068,patriciapage@yahoo.com,ID001414,Brazil
Valerie Mejia,7974427946,jessicahamilton@bennett.com,ID001415,France
Lisa Munoz,1192848103,daniellewalker@martin.com,ID001416,South Africa
Stacy Foster,0826687392,carpenterseth@zhang-english.com,ID001417,Australia
Denise Clarke,7216918586,rgraham@lawrence.com,ID001418,Germany
Brady Griffin,4060777050,irobertson@vincent.com,ID001419,France
Troy Thornton,2857107049,jessesmith@manning.net,ID001420,Canada
Mason Mcpherson,3699611564,bryan66@manning-hart.com,ID001421,Australia
Kayla Sanders,7176732582,sarah74@hotmail.com,ID001422,France
Rebecca Stevenson,0622903624,dbrown@gilbert.com,ID001423,South Africa
Linda Roach,1451171647,joseph05@hotmail.com,ID001424,Australia
Anthony Wright,0548836703,huangdebbie@gmail.com,ID001425,Brazil
Abigail Scott,9426937411,proctorwilliam@yahoo.com,ID001426,Brazil
Heather Patton,6636104238,erik31@johnson.net,ID001427,Canada
Yvonne Wilson,3451349196,thorntonbrian@yahoo.com,ID001428,UK
Jamie Lawson,6575401341,katherine60@murphy.com,ID001429,Japan
Jenna Ferguson,1724527514,jill98@reed.info,ID001430,Germany
Paul Love,9606175157,tonybrooks@adams.info,ID001431,India
Rebecca Webb,3746399390,gomeztimothy@yahoo.com,ID001432,Canada
Patrick Young,2162995417,michellemaldonado@yahoo.com,ID001433,USA
Sarah Lawrence,6567709333,fletchertodd@poole.org,ID001434,Japan
Julia Thomas,7483057074,dustin12@hotmail.com,ID001435,France
Samantha Carpenter,2121823467,dicksonzachary@delgado.com,ID001436,France
Tyler Duncan,3844325952,fostermiguel@foster.com,ID001437,Australia
Alan Jackson,4696057596,fthomas@maynard.biz,ID001438,Japan
Bobby Fernandez,5771927019,matthew12@yahoo.com,ID001439,UK
Paula Newton,3247492267,pamelaanderson@bates-quinn.com,ID001440,USA
Deborah Mendez,8808134593,morrisonbrian@hotmail.com,ID001441,India
Danny Smith,0195094422,amykelly@miller.com,ID001442,Australia
Jonathan Ingram,1328888964,michele71@jackson.com,ID001443,India
James Gomez,5808502694,elizabethweaver@yahoo.com,ID001444,South Africa
Eric Ramirez,9018889166,urodriguez@chang-randall.info,ID001445,UK
Caitlin Herrera,1471007931,pdavis@gmail.com,ID001446,Brazil
Wayne Fritz,6363210201,bsmith@yahoo.com,ID001447,Canada
Jodi Ross,7841476159,denise21@lee.org,ID001448,USA
Pamela Kelley,0959719436,mary72@hotmail.com,ID001449,Germany
Jack Miller,3616633712,ahuang@lewis.com,ID001450,Canada
Rose Rose,1355268105,medinawillie@yahoo.com,ID001451,Brazil
Zachary Brown,2605964983,gonzalezerica@mullen.com,ID001452,USA
Nicole Fisher,5920911484,jamessmith@yahoo.com,ID001453,Germany
Jenna Wheeler,7443146031,walshjason@hill.com,ID001454,India
Lauren Cooper,5430636570,lmcdonald@hotmail.com,ID001455,Australia
Jodi Harris,5617800085,melaniejohnson@yahoo.com,ID001456,India
Mitchell Reed,0465801607,clarkdaniel@shaw-jackson.com,ID001457,Germany
Stephanie Ray,6686355706,averyjennifer@hotmail.com,ID001458,UK
Adam Stone,6820721850,foneal@rice.biz,ID001459,Japan
Brian Green,8819901285,omorris@weiss.net,ID001460,Germany
Kyle Nicholson,0487873845,mike82@hancock.com,ID001461,Brazil
Melissa Berry,4317683707,pwerner@campos-young.com,ID001462,UK
Christian Adams,7612225668,wagnerlisa@cole.com,ID001463,Brazil
Kathy Olson,0788762189,michellewilliams@hotmail.com,ID001464,USA
Megan Hart,8803950236,danielsmith@pruitt.com,ID001465,France
Katie Neal,8637296128,raymondhernandez@gmail.com,ID001466,South Africa
Nicole Morris,7406023292,patrickrivas@kramer.com,ID001467,South Africa
David Lamb,2739652392,ffernandez@hotmail.com,ID001468,USA
Amy Stephens,0452343142,jodi47@hotmail.com,ID001469,Germany
Edward Jackson,3408499129,bendergarrett@gmail.com,ID001470,Germany
Joanna White,3592299077,boltondanielle@wolf.com,ID001471,Australia
Elizabeth Kemp,7021251595,samantha33@hotmail.com,ID001472,Canada
Scott Kelly,9877518389,kellyirwin@carter.com,ID001473,Australia
Heather Woods,1505079448,ybailey@burns.com,ID001474,France
Bridget Daniel,6104741162,mccormickwilliam@gmail.com,ID001475,Brazil
Stephanie Figueroa,9486984098,amandalewis@walker.com,ID001476,Germany
Melissa Kerr,5351153247,thomasmelanie@gmail.com,ID001477,India
Patrick Lang,0875315601,nmoore@hotmail.com,ID001478,Canada
Randall Gallegos,6068807895,josephleblanc@yahoo.com,ID001479,Canada
Christopher Casey,6983832643,kathleenfarrell@mendez.net,ID001480,South Africa
Mary Hubbard,8608453539,torreskatherine@yahoo.com,ID001481,USA
Cody Frazier,9072733642,tonya48@yahoo.com,ID001482,Australia
Mr. Daniel Mueller DDS,2089664287,sarah33@casey-barnes.com,ID001483,Germany
Michael Young,1546720014,sandra38@stuart-smith.com,ID001484,UK
Kevin Kelly,4728613656,katrinahawkins@frye-martin.com,ID001485,USA
Mary Burton,3833007665,tyleredwards@miller.com,ID001486,UK
Joe Terry,4970364787,torrestodd@waters.com,ID001487,France
James Mejia,8941802061,yhicks@hotmail.com,ID001488,Germany
Lori Gray,1403005869,fjones@yahoo.com,ID001489,USA
Dana Smith,6617375076,frederick91@miller.com,ID001490,South Africa
Robert Osborn,6602631317,kellyhicks@allen.org,ID001491,USA
Donald Bowen Jr.,1200045951,nrollins@mccarty.biz,ID001492,Japan
Holly Hensley,7118369194,reidjasmine@hayden.org,ID001493,India
Ryan Wilson,3364608483,leslie86@yahoo.com,ID001494,Australia
Jeremy Campos,7137671665,jenniferpadilla@mendoza.info,ID001495,India
Stephen Byrd,2965402608,tracywright@hotmail.com,ID001496,Germany
Jennifer Barber,1061151578,emmapena@king-meyer.net,ID001497,South Africa
Nicole Johnson,0761191248,jamesyoung@barrett-adams.com,ID001498,France
Edward Hughes,1056004173,zyoung@gmail.com,ID001499,France
